,precision,recall,f1-score,support
knife,0.9442896935933147,0.9630681818181818,0.9535864978902954,352.0
no_weapon,0.9324324324324325,0.8214285714285714,0.8734177215189873,84.0
pistol,0.9389067524115756,0.948051948051948,0.9434571890145396,308.0
accuracy,0.9408602150537635,0.9408602150537635,0.9408602150537635,0.9408602150537635
macro avg,0.9385429594791076,0.9108495670995671,0.9234871361412741,744.0
weighted avg,0.9407225486719576,0.9408602150537635,0.9403418683890553,744.0
